login,n,name,blog
ALShum,1,Alex,www.ALShum.com
Abinashbunty,1,Abinash Satapathy,https://www.abinash.nl/
Adrianzo,1,A. s.,NA
AlanFeder,1,NA,NA
AlbertRapp,1,NA,NA
AnttiRask,1,Antti Rask,youcanbeapirate.com
BB1464,1,Oluwafemi OYEDELE,statisticalinference.netlify.app
BarkleyBG,1,Brian G. Barkley,BarkleyBG.netlify.com
BinxiePeterson,1,Bianca Peterson,NA
BirgerNi,1,Birger Niklas,NA
DDClark,1,David Clark,NA
DOH-RPS1303,1,Russell Shean,NA
DSGeoff,1,NA,NA
Divider85,3,NA,NA
EdwinTh,4,Edwin Thoen,thats-so-random.com
EricKit,1,Eric Kitaif,NA
GeroVanMi,1,Gerome Meyer,https://astralibra.ch
GoldbergData,1,Josh Goldberg,https://twitter.com/GoldbergData
Iain-S,1,Iain,NA
JeffreyRStevens,2,Jeffrey Stevens,https://decisionslab.unl.edu/
JeldorPKU,1,蒋雨蒙,https://jeldorpku.github.io
KittJonathan,10,Jonathan Kitt,NA
MJMarshall,2,NA,NA
MarckK,1,Kara de la Marck,https://www.linkedin.com/in/karadelamarck
MattWittbrodt,1,Matt Wittbrodt,mattwittbrodt.com
MatthiasLiew,3,Matthias Liew,NA
NedJWestern,1,Ned Western,NA
Nowosad,6,Jakub Nowosad,https://nowosad.github.io
PursuitOfDataScience,14,Y. Yu,https://youzhi.netlify.app/
RIngyao,1,Jajo,NA
RJHKnight,1,Richard Knight,NA
Ranae,2,Ranae Dietzel,ranae.github.io
ReeceGoding,1,NA,NA
RobinKohrs,1,Robin Kohrs,https://quarantino.netlify.app/
Robinlovelace,2,Robin,http://robinlovelace.net
RodAli,1,Rod Mazloomi,NA
RohanAlexander,5,Rohan Alexander,https://www.rohanalexander.com/
RomeroBarata,1,Romero Morais,NA
ShanEllis,1,Shannon Ellis,shanellis.com
Shurakai,2,Christian Heinrich,NA
StevenMMortimer,1,Steven M. Mortimer,https://stevenmortimer.com
a-rosenberg,1,NA,NA
a2800276,1,Tim Becker,NA
adam-gruer,1,Adam Gruer,adamgruer.rbind.io
adidoit,1,adi pradhan,http://adidoit.github.io
aephidayatuloh,1,Aep Hidyatuloh,NA
agila5,1,Andrea Gilardi,NA
ajay-d,1,Ajay Deonarine,http://deonarine.com/
aleloi,1,NA,NA
alonzi,1,pete,NA
amacfarland,1,Andrew M.,NA
andland,1,Andrew Landgraf,http://andrewlandgraf.com
angela-li,1,Angela Li,NA
aquarhead,1,LOU Xun,https://aqd.is
ariespirgel,2,NA,https://arie.rbind.io
august-18,1,NA,NA
aviast,1,Michael Henry,NA
azzaea,1,Azza Ahmed,https://azzaea.netlify.com/
bambooforest,1,Steven Moran,https://scholar.google.com/citations?user=PpTOh08AAAAJ&hl=en
batpigandme,4,Mara Averick,https://twitter.com/dataandme
bbrewington,1,Brent Brewington,NA
behrman,29,Bill Behrman,NA
benherbertson,3,Ben Herbertson,NA
benmarwick,2,Ben Marwick,http://faculty.washington.edu/bmarwick/
bensteinberg,4,Ben Steinberg,NA
bentyeh,1,Benjamin Yeh,https://bentyeh.github.io
betulturkoglu,1,Betul Turkoglu,NA
bgreenwell,9,Brandon Greenwell,NA
bklamer,11,Brett Klamer,NA
boardtc,1,NA,NA
c-hoh,1,Christian,hohenfeld.is
caddycarine,1,Caddy,NA
camillevleonard,1,Camille V Leonard,https://www.camillevleonard.com/
canovasjm,1,NA,NA
cedricbatailler,1,Cedric Batailler,cedricbatailler.me
chrMongeau,1,Christian Mongeau,http://mongeau.net
coopermor,2,Cooper Morris,NA
csgillespie,7,Colin Gillespie,http://www.mas.ncl.ac.uk/~ncsg3/
csrvermaak,7,Rademeyer Vermaak,NA
ctsa,1,Chris Saunders,http://www.linkedin.com/in/christophertsaunders
curious-abhinav,1,Abhinav Singh,https://curious-abhinav.github.io
curtisalexander,1,Curtis Alexander,https://www.calex.org
cwarden,2,Christian G. Warden,http://xn.pinkhamster.net/
cwickham,1,Charlotte Wickham,http://cwick.co.nz
darrkj,1,Kenny Darrell,http://darrkj.github.io/blogs
davidrsch,5,David,NA
davidrubinger,1,David Rubinger,NA
derwinmcgeary,1,Derwin McGeary,http://derwinmcgeary.github.io
dgromer,2,Daniel Gromer,NA
djbirke,1,NA,NA
djnavarro,1,Danielle Navarro,https://djnavarro.net
dongzhuoer,5,Zhuoer Dong,https://dongzhuoer.github.io
dpastoor,2,Devin Pastoor,NA
duju211,13,Julian During,NA
dylancashman,1,Dylan Cashman,https://www.eecs.tufts.edu/~dcashm01/
eddelbuettel,1,Dirk Eddelbuettel,http://dirk.eddelbuettel.com
elgabbas,1,Ahmed El-Gabbas,https://elgabbas.github.io
enryH,1,Henry Webel,NA
ercan7,1,Ercan Karadas,NA
ericwatt,1,Eric Watt,www.ericdwatt.com
erikerhardt,2,Erik Erhardt,StatAcumen.com
etiennebr,2,Etienne B. Racine,NA
evjrob,1,Everett Robinson,NA
fellennert,1,NA,NA
flemmingmiguel,1,Flemming Miguel,NA
florisvdh,1,Floris Vanderhaeghe,NA
funkybluehen,1,NA,NA
gabrivera,1,NA,NA
gadenbuie,1,Garrick Aden-Buie,https://garrickadenbuie.com
garrettgman,103,Garrett Grolemund,NA
gl-eb,1,Gleb Ebert,glebsite.ch
gridgrad,1,bahadir cankardes,NA
gustavdelius,2,Gustav W Delius,NA
hadley,1166,Hadley Wickham,http://hadley.nz
hao-trivago,2,Hao Chen,NA
harrismcgehee,7,Harris McGehee,https://gist.github.com/harrismcgehee
hendrikweisser,1,NA,NA
hengnicai,1,Hengni Cai,NA
iansealy,3,Ian Sealy,NA
ijlyttle,3,Ian Lyttle,NA
ivan-krukov,1,Ivan Krukov,NA
jacobkap,1,Jacob Kaplan,http://crimedatatool.com/
jazzlw,1,Jazz Weisman,NA
jdblischak,1,John Blischak,https://jdblischak.com/
jdstorey,1,John D. Storey,http://jdstorey.github.io/
jefferis,1,Gregory Jefferis,http://www2.mrc-lmb.cam.ac.uk/group-leaders/h-to-m/gregory-jefferis/
jennybc,5,Jennifer (Jenny) Bryan,https://jennybryan.org
jenren,1,Jen Ren,NA
jeroenjanssens,1,Jeroen Janssens,http://jeroenjanssens.com
jeromecholewa,1,NA,NA
jilmun,3,Janet Wesner,jilmun.github.io
jimhester,2,Jim Hester,http://www.jimhester.com
jjchern,6,JJ Chen,NA
jkolacz,1,Jacek Kolacz,NA
joannejang,2,Joanne Jang,joannejang.com
johannes4998,1,NA,NA
johnsears,1,John Sears,NA
jonathanflint,1,NA,NA
jonmcalder,1,Jon Calder,http://joncalder.co.za
jonpage,3,Jonathan Page,economistry.com
jonthegeek,1,Jon Harmon,http://jonthegeek.com
jooyoungseo,2,JooYoung Seo,https://jooyoungseo.github.io
jpetuchovas,1,Justinas Petuchovas,NA
jrdnbradford,1,Jordan,www.linkedin.com/in/jrdnbradford
jrnold,4,Jeffrey Arnold,http://jrnold.me
jroberayalas,7,Jose Roberto Ayala Solares,jroberayalas.netlify.com
jtr13,1,Joyce Robbins,NA
juandering,1,NA,NA
jules32,1,Julia Stewart Lowndes,http://jules32.github.io
kaetschap,1,Sonja,NA
karawoo,1,Kara Woo,http://karawoo.com
katrinleinweber,1,Katrin Leinweber,NA
kdpsingh,5,Karandeep Singh,http://umich.edu/~kdpsingh
kevinxperese,2,Kevin Perese,NA
kferris10,1,Kevin Ferris,NA
kirillseva,2,Kirill Sevastyanenko,NA
koalabearski,1,NA,NA
krlmlr,1,Kirill Müller,NA
kucharsky,1,Rafał Kucharski,NA
kwstat,1,Kevin Wright,NA
landesbergn,1,Noah Landesberg,noahlandesberg.com
lawwu,1,Lawrence Wu,NA
lindbrook,1,NA,NA
lwjohnst86,2,Luke W Johnston,lukewjohnston.com
marwahaha,1,Kunal Marwaha,kunalmarwaha.com/about
matanhakim,1,Matan Hakim,NA
maurolepore,2,Mauro Lepore,https://fgeo.netlify.com/
mbeveridge,7,Mark Beveridge,https://twitter.com/mbeveridge
mcewenkhundi,1,NA,NA
mcsnowface,6,"mcsnowface, PhD",NA
mfherman,1,Matt Herman,mattherman.info
michaelboerman,1,Michael Boerman,https://michaelboerman.com
mine-cetinkaya-rundel,119,Mine Cetinkaya-Rundel,https://stat.duke.edu/~mc301
mitsuoxv,5,Mitsuo Shiota,https://mitsuoxv.rbind.io/
mjhendrickson,1,Matthew Hendrickson,https://about.me/matthew.j.hendrickson
mmhamdy,1,Mohammed Hamdy,NA
mnazarov,1,Maxim Nazarov,NA
mpaulacaldas,4,Maria Paula Caldas,mpaulacaldas.com
mustafaascha,1,Mustafa Ascha,NA
nareal,1,Nelson Areal,nelsonareal.net
nate-d-olson,1,Nate Olson,NA
nateaff,1,Nathanael,nateaff.com
nattalides,1,NA,NA
nickclark1000,1,Nick Clark,NA
nickelas,1,NA,NA
nirmalpatel,2,Nirmal Patel,http://playpowerlabs.com
nischalshrestha,1,Nischal Shrestha,http://nischalshrestha.me
njtierney,1,Nicholas Tierney,http://www.njtierney.com
olivier6088,1,NA,NA
oliviercailloux,1,Olivier Cailloux,https://www.lamsade.dauphine.fr/~ocailloux/
p0bs,1,Robin Penfold,p0bs.com
pabloedug,1,Pablo E. Garcia,NA
padamson,1,Paul Adamson,padamson.github.io
penelopeysm,1,Penelope Y,NA
peterhurford,1,Peter Hurford,http://www.peterhurford.com
pkq,4,Patrick Kennedy,NA
pooyataher,1,Pooya Taherkhani,https://gitlab.com/pooyat
radugrosu,10,Radu Grosu,radugrosu.com
raynamharris,1,Rayna M Harris,https://www.raynamharris.com
rgertenbach,1,Robin Gertenbach,NA
rivaquiroga,1,Riva Quiroga,https://rivaquiroga.cl/
rlzijdeman,2,Richard Zijdeman,NA
robertchu03,1,NA,NA
robinsones,1,Emily Robinson,robinsones.github.io
robtenorio,1,Rob Tenorio,NA
rudeboybert,1,Albert Y. Kim,http://rudeboybert.rbind.io/
saghirb,3,Saghir,http://www.ilustat.com
salmasian,1,Hojjat Salmasian,NA
sauercrowd,1,Jonas,https://blog.sauercrowdlabs.xyz
sciencificity,3,Vebash Naidoo,https://sciencificity-blog.netlify.app/
seamus-mckinsey,4,Seamus McKinsey,NA
seanpwilliams,1,NA,NA
seasmith,1,Luke Smith,https://seasmith.github.io
sedaghatfar,3,Matthew Sedaghatfar,NA
sekR4,1,Sebastian Kraus,https://www.linkedin.com/in/sebastiankrausjena
sfirke,1,Sam Firke,samfirke.com
shoili,1,NA,shoili.github.io
sibusiso16,52,S'busiso Mkhondwane,NA
sonicdoe,11,Jakob Krigovsky,https://sonicdoe.com
stephan-koenig,3,Stephan Koenig,stephankoenig.me
stephenbalogun,6,Stephen Balogun,https://stephenbalogun.github.io/stbalogun/
stragu,4,Stéphane Guillou,https://stragu.github.io/
svenski,1,Sergiusz Bleja,NA
talgalili,1,Tal Galili,https://www.r-statistics.com
tgerarden,1,Todd Gerarden,http://toddgerarden.com
timbroderick,1,Tim Broderick,http://www.timbroderick.net
timwaterhouse,1,Tim Waterhouse,NA
tjmahr,1,TJ Mahr,tjmahr.com
tklebel,4,Thomas Klebel,https://thomasklebel.eu
tomjamesprior,1,Tom Prior,NA
tteo,4,Terence Teo,tteo.github.io
twgardner2,1,NA,NA
ulyngs,4,Ulrik Lyngs,www.ulriklyngs.com
uribo,1,Shinya Uryu,https://uribo.hatenablog.com
vanderlindenma,1,Martin Van der Linden,NA
waltersom,1,Walter Somerville,NA
werkstattcodes,1,NA,http://werk.statt.codes
wibeasley,2,Will Beasley,http://scholar.google.com/citations?user=ffsJTC0AAAAJ&hl=en
yihui,4,Yihui Xie,https://yihui.name
yimingli,3,Yiming (Paul) Li,https://yimingli.net
yingxingwu,1,NA,NA
yutannihilation,1,Hiroaki Yutani,https://twitter.com/yutannihilation
yuyu-aung,1,Yu Yu Aung,NA
zachbogart,1,Zach Bogart,zachbogart.com
zeal626,1,NA,NA
zekiakyol,16,Zeki Akyol,zekiakyol.com
